GAME_ID,GAME_DATE,TEAM_ABBREVIATION,MATCHUP,WL,PTS,FGM,FGA,FG_PCT,FG3M,FG3A,FG3_PCT,FTM,FTA,FT_PCT,AST,REB,TOV,PLUS_MINUS
0012600037,2026-10-09,MEM,MEM @ CHI,,45,13,31,0.419,5,14,0.357,14,16,0.875,8,17,2,9
0012600037,2026-10-09,CHI,CHI vs. MEM,,36,12,35,0.343,2,11,0.182,10,12,0.833,5,19,5,-9
0012600012,2026-10-09,DAL,DAL @ HOU,L,117,44,94,0.468,18,51,0.353,11,17,0.647,34,38,19,-18
0012600012,2026-10-09,HOU,HOU @ DAL,W,135,47,86,0.547,18,36,0.5,23,32,0.719,36,43,21,18
0012600001,2026-10-08,NOP,NOP @ MIA,L,118,40,91,0.44,19,43,0.442,19,25,0.76,22,54,22,-10
0012600011,2026-10-08,BOS,BOS @ CLE,W,124,41,99,0.414,17,47,0.362,25,35,0.714,29,56,16,11
0012600034,2026-10-08,PHI,PHI @ BKN,L,108,33,70,0.471,8,27,0.296,34,39,0.872,26,43,22,-6
0012600011,2026-10-08,CLE,CLE vs. BOS,L,113,44,92,0.478,12,37,0.324,13,16,0.813,32,39,11,-11
0012600035,2026-10-08,WAS,WAS @ NYK,W,111,40,86,0.465,13,33,0.394,18,27,0.667,22,53,22,2
0012600001,2026-10-08,MIA,MIA vs. NOP,W,128,47,100,0.47,16,41,0.39,18,28,0.643,36,47,11,10
0012600035,2026-10-08,NYK,NYK vs. WAS,L,109,40,95,0.421,11,38,0.289,18,23,0.783,28,47,16,-2
0012600036,2026-10-08,LAL,LAL vs. SAC,W,114,36,78,0.462,11,33,0.333,31,38,0.816,27,39,25,4
0012600034,2026-10-08,BKN,BKN vs. PHI,W,114,39,88,0.443,11,34,0.324,25,42,0.595,23,39,16,6
0012600005,2026-10-08,SAS,SAS vs. ATL,L,116,37,80,0.463,14,37,0.378,28,35,0.8,20,49,22,-7
0012600005,2026-10-08,ATL,ATL @ SAS,W,123,46,103,0.447,18,46,0.391,13,16,0.813,30,43,10,7
0012600036,2026-10-08,SAC,SAC @ LAL,L,110,42,94,0.447,10,36,0.278,16,24,0.667,29,46,26,-4
0012600032,2026-10-07,MIL,MIL @ OKC,W,128,44,95,0.463,14,44,0.318,26,35,0.743,31,59,17,2
0012600030,2026-10-07,CHI,CHI vs. PHX,W,124,42,84,0.5,12,33,0.364,28,32,0.875,30,36,24,7
0012600030,2026-10-07,PHX,PHX @ CHI,L,117,40,84,0.476,11,36,0.306,26,34,0.765,25,38,26,-7
0012600033,2026-10-07,GSW,GSW @ POR,L,118,42,87,0.483,19,34,0.559,15,24,0.625,26,40,21,-5
0012600033,2026-10-07,POR,POR vs. GSW,W,123,45,95,0.474,17,44,0.386,16,21,0.762,34,50,22,5
0012600029,2026-10-07,IND,IND vs. MIN,W,123,48,90,0.533,17,33,0.515,10,11,0.909,39,43,20,11
0012600031,2026-10-07,ORL,ORL @ MEM,W,122,41,88,0.466,20,45,0.444,20,28,0.714,35,53,14,4
0012600031,2026-10-07,MEM,MEM vs. ORL,L,118,41,96,0.427,17,45,0.378,19,28,0.679,31,40,8,-4
0012600032,2026-10-07,OKC,OKC vs. MIL,L,126,46,93,0.495,17,46,0.37,17,26,0.654,34,39,16,-2
0012600029,2026-10-07,MIN,MIN @ IND,L,112,37,85,0.435,19,41,0.463,19,23,0.826,22,40,20,-11
0012600025,2026-10-06,CHA,CHA vs. BKN,L,90,28,70,0.4,16,36,0.444,18,26,0.692,19,34,25,-34
0012600010,2026-10-06,LAL,LAL @ GSW,L,98,33,83,0.398,13,37,0.351,19,23,0.826,20,35,25,-26
0012600010,2026-10-06,GSW,GSW vs. LAL,W,124,41,80,0.513,15,35,0.429,27,32,0.844,32,44,24,26
0012600027,2026-10-06,DEN,DEN @ UTA,W,117,38,72,0.528,11,28,0.393,30,42,0.714,26,41,15,11
0012600027,2026-10-06,UTA,UTA vs. DEN,L,106,41,93,0.441,12,37,0.324,12,22,0.545,22,43,15,-11
0012600025,2026-10-06,BKN,BKN @ CHA,W,124,44,80,0.55,20,37,0.541,16,22,0.727,31,38,14,34
0012600026,2026-10-06,NOP,NOP @ OKC,W,116,35,87,0.402,12,33,0.364,34,47,0.723,24,51,12,6
0012600026,2026-10-06,OKC,OKC vs. NOP,L,110,40,76,0.526,16,33,0.485,14,21,0.667,29,46,23,-6
0012600028,2026-10-05,LAL,LAL @ SAC,W,127,41,82,0.5,20,44,0.455,25,33,0.758,29,39,21,24
0012600004,2026-10-05,MEM,MEM @ ATL,W,132,43,83,0.518,18,43,0.419,28,37,0.757,32,41,19,9
0012600023,2026-10-05,PHI,PHI vs. NYK,W,120,41,97,0.423,16,46,0.348,22,28,0.786,29,53,10,23
0012600023,2026-10-05,NYK,NYK @ PHI,L,97,35,91,0.385,8,41,0.195,19,32,0.594,23,51,13,-23
0012600024,2026-10-05,MIL,MIL vs. MIN,L,97,30,91,0.33,16,47,0.34,21,28,0.75,19,47,18,-19
0012600004,2026-10-05,ATL,ATL vs. MEM,L,123,43,94,0.457,14,43,0.326,23,33,0.697,25,45,18,-9
0012600022,2026-10-05,DET,DET vs. PHX,W,109,35,79,0.443,13,36,0.361,26,41,0.634,17,35,20,2
0012600024,2026-10-05,MIN,MIN @ MIL,W,116,40,87,0.46,9,35,0.257,27,34,0.794,23,51,13,19
0012600028,2026-10-05,SAC,SAC vs. LAL,L,103,37,82,0.451,4,23,0.174,25,34,0.735,20,46,27,-24
0012600022,2026-10-05,PHX,PHX @ DET,L,107,38,78,0.487,14,35,0.4,17,33,0.515,19,47,32,-2
0012600066,2026-10-04,LAC,LAC vs. GSW,W,104,32,80,0.4,11,36,0.306,29,38,0.763,18,52,22,3
0012600067,2026-10-04,DEN,DEN vs. UTA,L,97,36,89,0.404,11,39,0.282,14,21,0.667,27,47,11,-12
0012600067,2026-10-04,UTA,UTA @ DEN,W,109,39,93,0.419,15,45,0.333,16,20,0.8,28,54,11,12
0012600066,2026-10-04,GSW,GSW @ LAC,L,101,37,95,0.389,6,33,0.182,21,31,0.677,23,49,16,-3
0012600009,2026-10-03,MIA,MIA @ TOR,W,129,42,86,0.488,14,40,0.35,31,36,0.861,33,55,25,24
0012600009,2026-10-03,TOR,TOR vs. MIA,L,105,37,94,0.394,12,41,0.293,19,30,0.633,26,43,19,-24
